,EpisodeID,Names
0,s14e03,"Josh Widdicombe, Gemma Cairney, Raj Bisram, Sophie Hermann"
1,s14e09,"Johnny Vegas, Alex Jones, Martin Lewis, Anna Maxwell Martin"
2,s14e10,The Unseen Bits
3,s14e11,The Best Bits
4,s14e08,"Maya Jama, Roisin Conaty, Roman Kemp, Dr Xand van Tulleken"
5,s14e02,"Stephen Hendry, Laura Whitmore, Chris McCausland, Maisie Adam"
6,s14e01,"Les Dennis, Richard Osman, Alice Levine, Lou Sanders"
7,s14e04,"Bob Mortimer, Samantha Morton, Miles Jupp, Sarah Hadland"
8,s14e06,"Sara Pascoe, Dan Walker, Nicola Coughlan, Mr. Motivator"
9,s14e05,"Claudia Winkleman, Rev Kate Bottley, Sara Barron, Ed Gamble"
10,s14e07,"Joel Dommett, Sindhu Vee, Alex Horne, AJ Odudu"
