Name,Gender
AJ Odudu,f
Adam Buxton,m
Adam Woodyatt,m
Adil Ray,m
Adrian Chiles,m
Adrian Edmondson,m
Aisling Bea,f
Alan Davies,m
Alan Keegan,m
Alan Titchmarsh,m
Alex Brooker,m
Alex Horne,m
Alex Jones,f
Alexander Armstrong,m
Alice Levine,f
Alice Roberts,f
Amanda Abbington,f
Amanda Kemp,f
Amol Rajan,m
Amy Louise Evans,f
Andy Hamilton,m
Andy Turner,m
Angela Rippon,f
Angela Scanlon,f
Angellica Bell,f
Angus Deayton,m
Anita Rani,f
Anna Maxwell Martin,f
Anneka Rice,f
Anton Du Beke,m
Ardal O'Hanlon,m
Armando Iannucci,m
Asim Chaudhry,m
Aston Merrygold,m
Barry Cryer,m
Ben Fogle,m
Ben Miller,m
Ben Shephard,m
Bernard Cribbins,m
Big Narstie,m
Bill Bailey,m
Bill Oddie,m
Bill Turnbull,m
Bob Mortimer,m
Bobby Seagull,m
Bradley Walsh,m
Brian Blessed,m
Brian Cox,m
Briony May Williams,f
Bruno Tonioli,m
Cariad Lloyd,f
Carol Kirkwood,f
Carol Vorderman,f
Caroline Quentin,f
Charles Dance,m
Charlie Brooker,m
Charlotte Angel,f
Cheryl Baker,f
Chizzy Akudolu,f
Chris Addison,m
Chris Hoy,m
Chris Kamara,m
Chris McCausland,m
Chris Packham,m
Chris Tarrant,m
Christian Jessen,m
Christine Bleakley,f
Christopher Eccleston,m
Clara Amfo,f
Clare Balding,f
Claude Littner,m
Claudia Winkleman,f
Clive Anderson,m
Clive Myrie,m
Craig Parkinson,m
Craig Revel Horwood,m
Daisy May Cooper,f
Dale Winton,m
Dan Walker,m
Dani Dyer,f
Danny Baker,m
Danny Dyer,m
Danny Wallace,m
Dara OÃÅ Briain,m
Dave Gorman,m
Dave Myers,m
Dave Spikey,m
David Baddiel,m
David de Keyser,m
David Harewood,m
David Haye,m
David Mitchell,m
David O'Doherty,m
David Walliams,m
Davina McCall,f
Debbie McGee,f
Deborah Frances-White,f
Deborah Meaden,f
Denise Lewis,f
Denise Van Outen,f
Dermot O'Leary,m
Derrick Evans,m
Des O'Connor,m
Desiree Burch,f
Diane Morgan,f
Diane Parish,f
Dion Dublin,m
Dom Joly,m
Dominic Wood,m
Doon Mackichan,m
Duncan Bannatyne,m
Eamonn Holmes,m
Ed Balls,m
Ed Byrne,m
Ed Gamble,m
Ellie Simmonds,f
Ellie Taylor,f
Emilia Fox,f
Emily Maitlis,f
Emma Bunton,f
Esme Young,f
Fay Ripley,f
Fern Britton,f
Fiona Bruce,f
Frank Skinner,m
Frankie Boyle,m
Fred Sirieix,m
Gabby Logan,f
Gaby Roslin,f
Gareth Malone,m
Gemma Cairney,f
Gemma Collins,f
Geoff Norcott,m
Georgia Toffolo,f
Germaine Greer,f
Gloria Hunniford,f
Gok Wan,m
Graeme Garden,m
Greg Davies,m
Greg James,m
Greg Rutherford,m
Gregg Wallace,m
Griff Rhys Jones,m
Guz Khan,m
Gyles Brandreth,m
Hal Cruttenden,m
Harry Enfield,m
Harry Shearer,m
Henning Wehn,m
Henry Blofeld,m
Heston Blumenthal,m
Holly Walsh,f
Holly Willoughby,f
Hugh Dennis,m
Hugh Fearnley-Whittingstall,m
Huw Edwards,m
Isy Suttie,f
Jack Dee,m
Jack Whitehall,m
Jamali Maddix,m
Jamelia,f
James Acaster,m
Jamie Laing,m
Janet Street-Porter,f
Jason Manford,m
Jason Watkins,m
Jay Blades,m
Jayde Adams,f
Jennifer Saunders,f
Jenny Ryan,f
Jermaine Jenas,m
Jim Broadbent,m
Jim Carter,m
Jimmy Carr,m
Jo Brand,f
Joan Bakewell,f
Joanna Page,f
Joanna Scanlan,f
Joe Lycett,m
Joe Sugg,m
Joe Swash,m
Joe Thomas,m
Joe Wilkinson,m
Joel Dommett,m
John Barrowman,m
John Bishop,m
John Cooper Clarke,m
John Simm,m
John Simpson,m
Johnny Vegas,m
Jon Richardson,m
Jonnie Peacock,m
Jordan Stephens,m
Josh Widdicombe,m
Josie Gibson,f
Josie Lawrence,f
Judi Love,f
Judy Murray,f
Julian Clary,m
June Brown,f
Rev Kate Bottley,f
Kate Humble,f
Kate Silverton,f
Kate Williams,f
Katherine Parkinson,f
Katherine Ryan,f
Katy Wix,f
Keeley Hawes,f
Kelly Holmes,f
Kelly Hoppen,f
Kelvin Mackenzie,m
Ken Gibson,m
Ken Livingstone,m
Kerry Howard,f
Kevin Bishop,m
Kevin Bridges,m
Kian Egan,m
Kiell Smith-Bynoe,m
Kimberly Wyatt,f
Kiri Pritchard-McLean,f
Kirsty Wark,f
Kirsty Young,f
Konnie Huq,f
Krishnan Guru-Murthy,m
Lady Leshurr,f
Larry Lamb,m
Laura Whitmore,f
Lauren Laverne,f
Laurence Llewelyn-Bowen,m
Lee Mack,m
Len Goodman,m
Les Dennis,m
Leslie Ash,f
Lily Allen,f
Liz Bonnin,f
Liz Carr,f
Lorraine Kelly,f
Lou Sanders,f
Louie Spence,m
Loyiso Gola,m
Lucy Beaumont,f
Lucy Martin,f
Lucy Porter,f
Lucy Worsley,f
Mackenzie Crook,m
Maggie Aderin Pocock,f
Maisie Adam,f
Marcus Brigstocke,m
Marie Ruane,f
Mark 'Bez' Berry,m
Mark Bonnar,m
Mark Watson,m
Martin Clunes,m
Martin Kemp,m
Martin Lewis,m
Mary Portas,f
Matt Dawson,m
Maureen Lipman,f
Maya Jama,f
Mel Giedroyc,f
Melvin Odoom,m
Michael Aspel,m
Michael Ball,m
Michael Buerk,m
Michael Dunne,m
Michael McIntyre,m
Michael Smiley,m
Michaela Strachan,f
Michelle Visage,f
Micky Flanagan,m
Mike Wozniak,m
Miles Jupp,m
Miranda Hart,f
Mist,??
Moira Stuart,f
Morgana Robinson,f
Motsi Mabuse,f
Munya Chawawa,m
Myleene Klass,f
Nadiya Hussain,f
Natalie Cassidy,f
Neil Morrissey,m
Nick Grimshaw,m
Nick Hewer,m
Nick Robinson,m
Nicola Clayton,f
Nicola Coughlan,f
Nigel Havers,m
Nikki Fox,f
Nina Wadia,f
Nish Kumar,m
Noddy Holder,m
Olivia Colman,f
Omid Djalili,m
Ore Oduba,m
Oti Mabuse,f
Paddy McGuinness,m
Pam Ayres,f
Patrick Kielty,m
Patsy Kensit,f
Patsy Palmer,f
Paul Foot,m
Paul Hollywood,m
Paul Ridley,m
Paul Sinha,m
Pauline Davies,f
Peter Serafinowicz,m
Phil Daniels,m
Phil Tufnell,m
Phil Wang,m
Philippa Perry,f
Phill Jupitus,m
Prue Leith,f
Rachel Parris,f
Rachel Riley,f
Raj Bisram,m
Ralf Little,m
Ranj Singh,m
Ray Mears,m
Ray Winstone,m
Rebecca Front,f
Reece Shearsmith,m
Reginald D. Hunter,m
Rhod Gilbert,m
Rhys Thomas,m
Rich Hall,m
Richard Bacon,m
Richard Coles,m
Richard E. Grant,m
Richard Hammond,m
Richard Madeley,m
Richard Osman,m
Richard Wilson,m
Rick Edwards,m
Ricky Tomlinson,m
Rob Beckett,m
Rob Brydon,m
Rob Delaney,m
Robert Rinder,m
Robert Webb,m
Roisin Conaty,f
Roman Kemp,m
Romesh Ranganathan,m
Ronan Keating,m
Ronni Ancona,f
Ronnie Corbett,m
Rory Reid,m
Rose Matafeo,f
Rosie Jones,f
Roy Joseph Butler,m
Rufus Hound,m
Russell Howard,m
Ruth Jones,f
Ruth Madeley,f
Rylan Clark-Neal,m
Sally Lindsay,f
Sally Phillips,f
Sam Quek,f
Samantha Morton,f
Samson Kayo,m
Sanjeev Bhaskar,m
Sara Barron,f
Sara Cox,f
Sara Pascoe,f
Sarah Greene,f
Sarah Hadland,f
Sarah Kendall,f
Sarah Millican,f
Scarlett Moffatt,f
Sean Lock,m
Seann Walsh,m
Shane Richie,m
Shaparak Khorsandi,f
Sharon Osbourne,f
Shaun Ryder,m
Shaun Williamson,m
Shazia Mirza,f
Sheila Hancock,f
Shirley Ballas,f
Sian Gibson,f
Simon Day,m
Simon Gregson,m
Sindhu Vee,f
Snoochie Shy,f
Sophie Ellis-Bextor,f
Sophie Hermann,f
Sophie Willan,f
Stacey Dooley,f
Stacey Solomon,f
Steph McGovern,f
Stephen Bailey,m
Stephen Hendry,m
Stephen Mangan,m
Stephen Merchant,m
Stephen Mulhern,m
Steve Backshall,m
Steve Davis,m
Steve Jones,m
Steve Pemberton,m
Steven Bartlett,m
Sue Johnston,f
Sue Perkins,f
Suggs,m
Susan Calman,f
Susanna Reid,f
Susie Dent,f
Sylvan Richardson,m
Tara Palmer-Tomkinson,f
Terry Christian,m
Terry Frazier,m
Terry Wogan,m
Tess Daly,f
Tinchy Stryder,m
Tom Allen,m
Tom Courtenay,m
Tom Davis,m
Tomasz Schafernaker,m
Tracy-Ann Oberman,f
Trevor Noah,m
Trinny Woodall,f
Trisha Goddard,f
Ugo Monye,m
Ulrika Jonsson,f
Vernon Kay,m
Vic Reeves,m
Vicki Pepperdine,f
Victoria Coren,f
Victoria Derbyshire,f
Warwick Davis,m
Wendy Richard,f
Dr Xand van Tulleken,m
Yung Filly,m
Mr. Motivator,m
lee,m
rob,m
angus,m
david,m